Gemeentenaam,Gemeentecode,Gemeentenummer,Provincie,Provinciecode,Provincienummer,Veiligheidsregio,Veiligheidsregiocode,Veiligheidsregionummer,GGD_regio,GGD_regiocode,GGD_regionummer,Shape__Area,Shape__Length,Datum,Meldingen,Ziekenhuisopnamen,Overleden,Bevolkingsaantal,Meldingen_100000,Ziekenhuisopnamen_100000,Overleden_100000,ObjectId
's-Gravenhage,GM0518,518,Zuid-Holland,PV28,28,Haaglanden,VR15,15,GGD Haaglanden,GG7014,7014,85731024.9444771,79827.5689376546,1588550400000,1181,281,164,545163,216.6,51.5,30.1,1
's-Hertogenbosch,GM0796,796,Noord-Brabant,PV30,30,Brabant-Noord,VR21,21,GGD Hart voor Brabant,GG5406,5406,117766029.255421,69415.5834847616,1588550400000,441,124,71,155113,284.3,79.9,45.8,2
Aa en Hunze,GM1680,1680,Drenthe,PV22,22,Drenthe,VR03,3,GGD Drente,GG0706,706,278859332.694183,91500.8180294114,1588550400000,14,1,0,25453,55,3.9,0,3
Aalsmeer,GM0358,358,Noord-Holland,PV27,27,Amsterdam-Amstelland,VR13,13,GGD Amsterdam,GG3406,3406,32312681.1340675,32690.9892688834,1588550400000,37,9,2,31857,116.1,28.3,6.3,4
Aalten,GM0197,197,Gelderland,PV25,25,Noord- en Oost-Gelderland,VR06,6,GGD Noord- en Oost-Gelderland,GG1413,1413,97029805.3573914,51271.5375751559,1588550400000,53,6,5,27117,195.4,22.1,18.4,5
Achtkarspelen,GM0059,59,Friesland,PV21,21,Fryslân,VR02,2,GGD Fryslân,GG7206,7206,103994367.458435,55508.9622207415,1588550400000,10,0,0,27836,35.9,0,0,6
Alblasserdam,GM0482,482,Zuid-Holland,PV28,28,Zuid-Holland-Zuid,VR18,18,Dienst Gezondheid & Jeugd Zuid-Holland Zuid,GG4816,4816,10061190.4009972,16999.9552809411,1588550400000,40,10,2,20165,198.4,49.6,9.9,7
Albrandswaard,GM0613,613,Zuid-Holland,PV28,28,Rotterdam-Rijnmond,VR17,17,GGD Rotterdam-Rijnmond,GG4607,4607,23730010.7725525,21599.2016368651,1588550400000,88,10,7,25589,343.9,39.1,27.4,8
Alkmaar,GM0361,361,Noord-Holland,PV27,27,Noord-Holland-Noord,VR10,10,GGD Hollands-Noorden,GG2707,2707,117315562.613468,68153.6650750395,1588550400000,225,53,25,109444,205.6,48.4,22.8,9
Almelo,GM0141,141,Overijssel,PV23,23,Twente,VR05,5,GGD Twente,GG1106,1106,69410856.0931854,43568.8613298553,1588550400000,88,22,9,73080,120.4,30.1,12.3,10
Almere,GM0034,34,Flevoland,PV24,24,Flevoland,VR25,25,GGD Flevoland,GG2209,2209,139862163.599083,59737.2925489043,1588550400000,341,119,12,211840,161,56.2,5.7,11
Alphen-Chaam,GM1723,1723,Noord-Brabant,PV30,30,Midden- en West-Brabant,VR20,20,GGD West-Brabant,GG5206,5206,93540529.0382805,65684.8784518118,1588550400000,45,17,5,10213,440.6,166.5,49,12
Alphen aan den Rijn,GM0484,484,Zuid-Holland,PV28,28,Hollands Midden,VR16,16,GGD Hollands-Midden,GG4506,4506,132435313.217503,57713.4615900133,1588550400000,164,57,22,111889,146.6,50.9,19.7,13
Altena,GM1959,1959,Noord-Brabant,PV30,30,Midden- en West-Brabant,VR20,20,GGD West-Brabant,GG5206,5206,226664353.93116,87443.2766789959,1588550400000,118,30,11,55980,210.8,53.6,19.6,14
Ameland,GM0060,60,Friesland,PV21,21,Fryslân,VR02,2,GGD Fryslân,GG7206,7206,59004814.9070969,54357.1757104799,1588550400000,0,0,0,3718,0,0,0,15
Amersfoort,GM0307,307,Utrecht,PV26,26,Utrecht,VR09,9,GGD regio Utrecht,GG2514,2514,63834637.6518745,53006.2816778329,1588550400000,172,56,22,157279,109.4,35.6,14,16
Amstelveen,GM0362,362,Noord-Holland,PV27,27,Amsterdam-Amstelland,VR13,13,GGD Amsterdam,GG3406,3406,44064698.822216,31669.8206546904,1588550400000,295,55,33,91691,321.7,60,36,17
Amsterdam,GM0363,363,Noord-Holland,PV27,27,Amsterdam-Amstelland,VR13,13,GGD Amsterdam,GG3406,3406,196506076.760612,118977.148641742,1588550400000,1998,567,205,872779,228.9,65,23.5,18
Apeldoorn,GM0200,200,Gelderland,PV25,25,Noord- en Oost-Gelderland,VR06,6,GGD Noord- en Oost-Gelderland,GG1413,1413,341114405.413803,93784.366251379,1588550400000,363,70,45,163829,221.6,42.7,27.5,19
Appingedam,GM0003,3,Groningen,PV20,20,Groningen,VR01,1,GGD Groningen,GG0111,111,24547490.8045197,25733.2664481901,1588550400000,5,3,0,11644,42.9,25.8,0,20
Arnhem,GM0202,202,Gelderland,PV25,25,Gelderland-Midden,VR07,7,Veiligheids- en Gezondheidsregio Gelderland-Midden,GG1911,1911,101581032.777885,59768.4143914138,1588550400000,261,64,23,161368,161.7,39.7,14.3,21
Assen,GM0106,106,Drenthe,PV22,22,Drenthe,VR03,3,GGD Drente,GG0706,706,83426281.8658752,54237.0282723921,1588550400000,40,12,2,68606,58.3,17.5,2.9,22
Asten,GM0743,743,Noord-Brabant,PV30,30,Brabant-Zuidoost,VR22,22,GGD Brabant-Zuidoost,GG5608,5608,71323969.1653137,39379.4705935365,1588550400000,72,18,10,16734,430.3,107.6,59.8,23
Baarle-Nassau,GM0744,744,Noord-Brabant,PV30,30,Midden- en West-Brabant,VR20,20,GGD West-Brabant,GG5206,5206,76318852.4466286,96383.7994884392,1588550400000,21,7,2,6860,306.1,102,29.2,24
Baarn,GM0308,308,Utrecht,PV26,26,Utrecht,VR09,9,GGD regio Utrecht,GG2514,2514,33038334.2807198,31227.307313599,1588550400000,51,11,8,24873,205,44.2,32.2,25
Barendrecht,GM0489,489,Zuid-Holland,PV28,28,Rotterdam-Rijnmond,VR17,17,GGD Rotterdam-Rijnmond,GG4607,4607,21759117.8918762,19752.8289527909,1588550400000,114,36,11,48713,234,73.9,22.6,26
Barneveld,GM0203,203,Gelderland,PV25,25,Gelderland-Midden,VR07,7,Veiligheids- en Gezondheidsregio Gelderland-Midden,GG1911,1911,176687116.336815,84598.6759210968,1588550400000,107,18,6,59077,181.1,30.5,10.2,27
Beek,GM0888,888,Limburg,PV31,31,Zuid-Limburg,VR24,24,GGD Zuid-Limburg,GG6106,6106,21029988.7092781,24133.9566315469,1588550400000,42,15,5,15868,264.7,94.5,31.5,28
Beekdaelen,GM1954,1954,Limburg,PV31,31,Zuid-Limburg,VR24,24,GGD Zuid-Limburg,GG6106,6106,78517840.3655357,61369.94180004,1588550400000,156,49,20,35976,433.6,136.2,55.6,29
Beemster,GM0370,370,Noord-Holland,PV27,27,Zaanstreek-Waterland,VR11,11,GGD Zaanstreek/Waterland,GG7306,7306,72011010.8347778,38402.860918196,1588550400000,9,4,1,10025,89.8,39.9,10,30
Beesel,GM0889,889,Limburg,PV31,31,Limburg-Noord,VR23,23,GGD Limburg-Noord,GG6011,6011,29165270.6290436,24393.7164029837,1588550400000,41,20,8,13483,304.1,148.3,59.3,31
Berg en Dal,GM1945,1945,Gelderland,PV25,25,Gelderland-Zuid,VR08,8,GGD Gelderland-Zuid,GG2014,2014,93276748.4337997,64658.2617433104,1588550400000,147,28,15,34990,420.1,80,42.9,32
Bergeijk,GM1724,1724,Noord-Brabant,PV30,30,Brabant-Zuidoost,VR22,22,GGD Brabant-Zuidoost,GG5608,5608,101789024.60619,57775.124851229,1588550400000,50,17,4,18638,268.3,91.2,21.5,33
Bergen (L.),GM0893,893,Limburg,PV31,31,Limburg-Noord,VR23,23,GGD Limburg-Noord,GG6011,6011,108482968.67691,61367.6290082595,1588550400000,22,7,2,13085,168.1,53.5,15.3,34
Bergen (NH.),GM0373,373,Noord-Holland,PV27,27,Noord-Holland-Noord,VR10,10,GGD Hollands-Noorden,GG2707,2707,99965694.457161,53001.4782035034,1588550400000,51,16,3,29844,170.9,53.6,10.1,35
Bergen op Zoom,GM0748,748,Noord-Brabant,PV30,30,Midden- en West-Brabant,VR20,20,GGD West-Brabant,GG5206,5206,93105026.9789104,48480.9571472233,1588550400000,111,21,8,67489,164.5,31.1,11.9,36
Berkelland,GM1859,1859,Gelderland,PV25,25,Noord- en Oost-Gelderland,VR06,6,GGD Noord- en Oost-Gelderland,GG1413,1413,260169256.335594,97917.2120648871,1588550400000,69,8,7,43748,157.7,18.3,16,37
Bernheze,GM1721,1721,Noord-Brabant,PV30,30,Brabant-Noord,VR21,21,GGD Hart voor Brabant,GG5406,5406,90382941.3636322,46913.784791554,1588550400000,260,96,60,31247,832.1,307.2,192,38
Best,GM0753,753,Noord-Brabant,PV30,30,Brabant-Zuidoost,VR22,22,GGD Brabant-Zuidoost,GG5608,5608,35076875.9097519,28014.526734097,1588550400000,65,31,10,29985,216.8,103.4,33.4,39
Beuningen,GM0209,209,Gelderland,PV25,25,Gelderland-Zuid,VR08,8,GGD Gelderland-Zuid,GG2014,2014,47034770.5729065,31059.232995613,1588550400000,61,19,5,25891,235.6,73.4,19.3,40
Beverwijk,GM0375,375,Noord-Holland,PV27,27,Kennemerland,VR12,12,GGD Kennemerland,GG3109,3109,18882322.3896828,25629.9009404413,1588550400000,70,15,9,41613,168.2,36,21.6,41
Bladel,GM1728,1728,Noord-Brabant,PV30,30,Brabant-Zuidoost,VR22,22,GGD Brabant-Zuidoost,GG5608,5608,75577472.6329727,43893.9331965485,1588550400000,58,19,8,20395,284.4,93.2,39.2,42
Blaricum,GM0376,376,Noord-Holland,PV27,27,Gooi en Vechtstreek,VR14,14,GGD Gooi en Vechtstreek,GG3606,3606,11211770.5009232,27328.8221642274,1588550400000,25,8,2,11536,216.7,69.3,17.3,43
Bloemendaal,GM0377,377,Noord-Holland,PV27,27,Kennemerland,VR12,12,GGD Kennemerland,GG3109,3109,40638304.2663574,43298.8793451303,1588550400000,46,8,4,23570,195.2,33.9,17,44
Bodegraven-Reeuwijk,GM1901,1901,Zuid-Holland,PV28,28,Hollands Midden,VR16,16,GGD Hollands-Midden,GG4506,4506,88598852.8909607,50077.0517310984,1588550400000,48,7,1,34869,137.7,20.1,2.9,45
Boekel,GM0755,755,Noord-Brabant,PV30,30,Brabant-Noord,VR21,21,GGD Hart voor Brabant,GG5406,5406,34527220.0046921,25272.8877584404,1588550400000,88,35,21,10784,816,324.6,194.7,46
Borger-Odoorn,GM1681,1681,Drenthe,PV22,22,Drenthe,VR03,3,GGD Drente,GG0706,706,277968150.944565,67378.3712861294,1588550400000,9,4,3,25558,35.2,15.7,11.7,47
Borne,GM0147,147,Overijssel,PV23,23,Twente,VR05,5,GGD Twente,GG1106,1106,26173185.750351,25173.7565954823,1588550400000,49,14,6,23313,210.2,60.1,25.7,48
Borsele,GM0654,654,Zeeland,PV29,29,Zeeland,VR19,19,GGD Zeeland,GG5006,5006,143288875.635956,65061.5753525536,1588550400000,22,5,0,22738,96.8,22,0,49
Boxmeer,GM0756,756,Noord-Brabant,PV30,30,Brabant-Noord,VR21,21,GGD Hart voor Brabant,GG5406,5406,113839055.9412,65331.7278909064,1588550400000,112,18,24,29371,381.3,61.3,81.7,50
Boxtel,GM0757,757,Noord-Brabant,PV30,30,Brabant-Noord,VR21,21,GGD Hart voor Brabant,GG5406,5406,64858667.0876732,43032.0023434964,1588550400000,60,24,12,30803,194.8,77.9,39,51
Breda,GM0758,758,Noord-Brabant,PV30,30,Midden- en West-Brabant,VR20,20,GGD West-Brabant,GG5206,5206,128741395.501499,64603.3989674568,1588550400000,446,144,56,184271,242,78.1,30.4,52
Brielle,GM0501,501,Zuid-Holland,PV28,28,Rotterdam-Rijnmond,VR17,17,GGD Rotterdam-Rijnmond,GG4607,4607,31126674.6130924,27735.6553662602,1588550400000,31,11,0,17282,179.4,63.7,0,53
Bronckhorst,GM1876,1876,Gelderland,PV25,25,Noord- en Oost-Gelderland,VR06,6,GGD Noord- en Oost-Gelderland,GG1413,1413,286413699.908897,106377.85551566,1588550400000,68,16,6,36052,188.6,44.4,16.6,54
Brummen,GM0213,213,Gelderland,PV25,25,Noord- en Oost-Gelderland,VR06,6,GGD Noord- en Oost-Gelderland,GG1413,1413,84961199.0647049,54145.3258327691,1588550400000,32,16,5,20756,154.2,77.1,24.1,55
Brunssum,GM0899,899,Limburg,PV31,31,Zuid-Limburg,VR24,24,GGD Zuid-Limburg,GG6106,6106,17338704.9252548,18875.1169302942,1588550400000,86,42,13,27817,309.2,151,46.7,56
Bunnik,GM0312,312,Utrecht,PV26,26,Utrecht,VR09,9,GGD regio Utrecht,GG2514,2514,37524157.4967041,34130.1409502819,1588550400000,33,9,1,15191,217.2,59.2,6.6,57
Bunschoten,GM0313,313,Utrecht,PV26,26,Utrecht,VR09,9,GGD regio Utrecht,GG2514,2514,30798860.6503525,24531.9629384499,1588550400000,57,9,7,21867,260.7,41.2,32,58
Buren,GM0214,214,Gelderland,PV25,25,Gelderland-Zuid,VR08,8,GGD Gelderland-Zuid,GG2014,2014,142896006.591755,70612.1196557473,1588550400000,43,16,6,26742,160.8,59.8,22.4,59
Capelle aan den IJssel,GM0502,502,Zuid-Holland,PV28,28,Rotterdam-Rijnmond,VR17,17,GGD Rotterdam-Rijnmond,GG4607,4607,15419020.502533,24698.2781029149,1588550400000,255,44,47,67151,379.7,65.5,70,60
Castricum,GM0383,383,Noord-Holland,PV27,27,Noord-Holland-Noord,VR10,10,GGD Hollands-Noorden,GG2707,2707,55390580.5231667,43245.1995929594,1588550400000,74,14,9,35988,205.6,38.9,25,61
Coevorden,GM0109,109,Drenthe,PV22,22,Drenthe,VR03,3,GGD Drente,GG0706,706,299637365.241676,88286.3428932405,1588550400000,56,13,1,35296,158.7,36.8,2.8,62
Cranendonck,GM1706,1706,Noord-Brabant,PV30,30,Brabant-Zuidoost,VR22,22,GGD Brabant-Zuidoost,GG5608,5608,78076206.868763,44632.2720595509,1588550400000,162,62,35,21166,765.4,292.9,165.4,63
Cuijk,GM1684,1684,Noord-Brabant,PV30,30,Brabant-Noord,VR21,21,GGD Hart voor Brabant,GG5406,5406,57074965.6857986,35212.9754799653,1588550400000,67,11,9,25139,266.5,43.8,35.8,64
Culemborg,GM0216,216,Gelderland,PV25,25,Gelderland-Zuid,VR08,8,GGD Gelderland-Zuid,GG2014,2014,31178099.7203636,29219.1509150401,1588550400000,57,21,7,28956,196.9,72.5,24.2,65
Dalfsen,GM0148,148,Overijssel,PV23,23,IJsselland,VR04,4,GGD Ijsselland,GG1009,1009,166502460.159874,70328.9848822349,1588550400000,77,16,6,28585,269.4,56,21,66
Dantumadiel,GM1891,1891,Friesland,PV21,21,Fryslân,VR02,2,GGD Fryslân,GG7206,7206,87513747.8087082,46186.901059035,1588550400000,6,2,0,18916,31.7,10.6,0,67
De Bilt,GM0310,310,Utrecht,PV26,26,Utrecht,VR09,9,GGD regio Utrecht,GG2514,2514,67090123.7834511,42994.573827668,1588550400000,131,24,15,43124,303.8,55.7,34.8,68
De Fryske Marren,GM1940,1940,Friesland,PV21,21,Fryslân,VR02,2,GGD Fryslân,GG7206,7206,418139390.609215,130418.554076991,1588550400000,57,15,5,51567,110.5,29.1,9.7,69
De Ronde Venen,GM0736,736,Utrecht,PV26,26,Utrecht,VR09,9,GGD regio Utrecht,GG2514,2514,116957683.904652,56233.018800803,1588550400000,83,39,10,44457,186.7,87.7,22.5,70
De Wolden,GM1690,1690,Drenthe,PV22,22,Drenthe,VR03,3,GGD Drente,GG0706,706,226324873.509071,108220.316084292,1588550400000,44,11,2,24327,180.9,45.2,8.2,71
Delft,GM0503,503,Zuid-Holland,PV28,28,Haaglanden,VR15,15,GGD Haaglanden,GG7014,7014,24040370.5184441,28264.5592657891,1588550400000,123,38,9,103659,118.7,36.7,8.7,72
Delfzijl,GM0010,10,Groningen,PV20,20,Groningen,VR01,1,GGD Groningen,GG0111,111,135663972.471436,85817.3625825432,1588550400000,16,5,0,24666,64.9,20.3,0,73
Den Helder,GM0400,400,Noord-Holland,PV27,27,Noord-Holland-Noord,VR10,10,GGD Hollands-Noorden,GG2707,2707,47221145.7311096,37316.1306882483,1588550400000,37,12,1,56305,65.7,21.3,1.8,74
Deurne,GM0762,762,Noord-Brabant,PV30,30,Brabant-Zuidoost,VR22,22,GGD Brabant-Zuidoost,GG5608,5608,118352203.482491,54608.5915205223,1588550400000,147,51,19,32474,452.7,157,58.5,75
Deventer,GM0150,150,Overijssel,PV23,23,IJsselland,VR04,4,GGD Ijsselland,GG1009,1009,134355491.724175,62341.9624539459,1588550400000,231,45,29,100718,229.4,44.7,28.8,76
Diemen,GM0384,384,Noord-Holland,PV27,27,Amsterdam-Amstelland,VR13,13,GGD Amsterdam,GG3406,3406,12985603.5990524,21217.9186128515,1588550400000,87,17,13,30781,282.6,55.2,42.2,77
Dinkelland,GM1774,1774,Overijssel,PV23,23,Twente,VR05,5,GGD Twente,GG1106,1106,176745690.902061,87956.9989811653,1588550400000,70,18,9,26470,264.5,68,34,78
Doesburg,GM0221,221,Gelderland,PV25,25,Gelderland-Midden,VR07,7,Veiligheids- en Gezondheidsregio Gelderland-Midden,GG1911,1911,12997342.2636032,20183.2203807696,1588550400000,32,9,6,11078,288.9,81.2,54.2,79
Doetinchem,GM0222,222,Gelderland,PV25,25,Noord- en Oost-Gelderland,VR06,6,GGD Noord- en Oost-Gelderland,GG1413,1413,79683533.7091599,60433.7734026181,1588550400000,90,19,15,58009,155.1,32.8,25.9,80
Dongen,GM0766,766,Noord-Brabant,PV30,30,Midden- en West-Brabant,VR20,20,GGD Hart voor Brabant,GG5406,5406,29718598.7315636,28311.1148903659,1588550400000,73,18,11,26226,278.3,68.6,41.9,81
Dordrecht,GM0505,505,Zuid-Holland,PV28,28,Zuid-Holland-Zuid,VR18,18,Dienst Gezondheid & Jeugd Zuid-Holland Zuid,GG4816,4816,98928486.6829529,51654.4542773811,1588550400000,262,80,23,119300,219.6,67.1,19.3,82
Drechterland,GM0498,498,Noord-Holland,PV27,27,Noord-Holland-Noord,VR10,10,GGD Hollands-Noorden,GG2707,2707,60022047.1051178,37220.5000852682,1588550400000,43,4,8,19717,218.1,20.3,40.6,83
Drimmelen,GM1719,1719,Noord-Brabant,PV30,30,Midden- en West-Brabant,VR20,20,GGD West-Brabant,GG5206,5206,119404382.409271,59294.5575310836,1588550400000,61,18,6,27274,223.7,66,22,84
Dronten,GM0303,303,Flevoland,PV24,24,Flevoland,VR25,25,GGD Flevoland,GG2209,2209,337420824.929031,84218.7055874439,1588550400000,107,28,11,41569,257.4,67.4,26.5,85
Druten,GM0225,225,Gelderland,PV25,25,Gelderland-Zuid,VR08,8,GGD Gelderland-Zuid,GG2014,2014,42458881.5984726,37594.9851509286,1588550400000,110,24,8,18918,581.5,126.9,42.3,86
Duiven,GM0226,226,Gelderland,PV25,25,Gelderland-Midden,VR07,7,Veiligheids- en Gezondheidsregio Gelderland-Midden,GG1911,1911,35214506.0564423,30050.7812197296,1588550400000,45,14,6,25124,179.1,55.7,23.9,87
Echt-Susteren,GM1711,1711,Limburg,PV31,31,Limburg-Noord,VR23,23,GGD Limburg-Noord,GG6011,6011,104663101.54911,64772.546372483,1588550400000,84,38,15,31618,265.7,120.2,47.4,88
Edam-Volendam,GM0385,385,Noord-Holland,PV27,27,Zaanstreek-Waterland,VR11,11,GGD Zaanstreek/Waterland,GG7306,7306,57783668.8040848,49474.344751067,1588550400000,82,21,3,36201,226.5,58,8.3,89
Ede,GM0228,228,Gelderland,PV25,25,Gelderland-Midden,VR07,7,Veiligheids- en Gezondheidsregio Gelderland-Midden,GG1911,1911,318605031.484032,86933.8398008727,1588550400000,190,54,20,117166,162.2,46.1,17.1,90
Eemnes,GM0317,317,Utrecht,PV26,26,Utrecht,VR09,9,GGD regio Utrecht,GG2514,2514,31476544.9292068,26176.4421317148,1588550400000,14,2,1,9247,151.4,21.6,10.8,91
Eersel,GM0770,770,Noord-Brabant,PV30,30,Brabant-Zuidoost,VR22,22,GGD Brabant-Zuidoost,GG5608,5608,83325919.3193779,62455.3447514275,1588550400000,61,25,9,19314,315.8,129.4,46.6,92
Eijsden-Margraten,GM1903,1903,Limburg,PV31,31,Zuid-Limburg,VR24,24,GGD Zuid-Limburg,GG6106,6106,78730816.1818619,57229.4016392872,1588550400000,151,52,26,25753,586.3,201.9,101,93
Eindhoven,GM0772,772,Noord-Brabant,PV30,30,Brabant-Zuidoost,VR22,22,GGD Brabant-Zuidoost,GG5608,5608,88946725.7625313,49066.743714913,1588550400000,452,166,75,234456,192.8,70.8,32,94
Elburg,GM0230,230,Gelderland,PV25,25,Noord- en Oost-Gelderland,VR06,6,GGD Noord- en Oost-Gelderland,GG1413,1413,64158097.3860168,43828.4198198442,1588550400000,114,23,8,23161,492.2,99.3,34.5,95
Emmen,GM0114,114,Drenthe,PV22,22,Drenthe,VR03,3,GGD Drente,GG0706,706,346239095.184975,80973.7958570209,1588550400000,98,20,10,107055,91.5,18.7,9.3,96
Enkhuizen,GM0388,388,Noord-Holland,PV27,27,Noord-Holland-Noord,VR10,10,GGD Hollands-Noorden,GG2707,2707,14135516.3763046,25706.81782993,1588550400000,29,18,4,18592,156,96.8,21.5,97
Enschede,GM0153,153,Overijssel,PV23,23,Twente,VR05,5,GGD Twente,GG1106,1106,142733269.065292,52865.2520117792,1588550400000,180,51,18,159734,112.7,31.9,11.3,98
Epe,GM0232,232,Gelderland,PV25,25,Noord- en Oost-Gelderland,VR06,6,GGD Noord- en Oost-Gelderland,GG1413,1413,157388817.14225,62692.0698564377,1588550400000,126,38,18,33186,379.7,114.5,54.2,99
Ermelo,GM0233,233,Gelderland,PV25,25,Noord- en Oost-Gelderland,VR06,6,GGD Noord- en Oost-Gelderland,GG1413,1413,85726323.0990753,47212.1005631684,1588550400000,116,24,13,27005,429.6,88.9,48.1,100
Etten-Leur,GM0777,777,Noord-Brabant,PV30,30,Midden- en West-Brabant,VR20,20,GGD West-Brabant,GG5206,5206,55909926.4140434,38138.9029934679,1588550400000,166,41,27,43880,378.3,93.4,61.5,101
Geertruidenberg,GM0779,779,Noord-Brabant,PV30,30,Midden- en West-Brabant,VR20,20,GGD West-Brabant,GG5206,5206,29689745.6180801,23899.4948418003,1588550400000,42,11,6,21538,195,51.1,27.9,102
Geldrop-Mierlo,GM1771,1771,Noord-Brabant,PV30,30,Brabant-Zuidoost,VR22,22,GGD Brabant-Zuidoost,GG5608,5608,31409182.1568604,28551.0235979026,1588550400000,102,32,14,39733,256.7,80.5,35.2,103
Gemert-Bakel,GM1652,1652,Noord-Brabant,PV30,30,Brabant-Zuidoost,VR22,22,GGD Brabant-Zuidoost,GG5608,5608,123340745.587254,46889.8146340114,1588550400000,169,75,30,30725,550,244.1,97.6,104
Gennep,GM0907,907,Limburg,PV31,31,Limburg-Noord,VR23,23,GGD Limburg-Noord,GG6011,6011,50427930.9170685,36416.5878529968,1588550400000,53,16,10,16924,313.2,94.5,59.1,105
Gilze en Rijen,GM0784,784,Noord-Brabant,PV30,30,Midden- en West-Brabant,VR20,20,GGD Hart voor Brabant,GG5406,5406,65687023.9801865,43557.3861892285,1588550400000,72,18,15,26438,272.3,68.1,56.7,106
Goeree-Overflakkee,GM1924,1924,Zuid-Holland,PV28,28,Rotterdam-Rijnmond,VR17,17,GGD Rotterdam-Rijnmond,GG4607,4607,268487326.798256,143624.56902017,1588550400000,246,53,30,50049,491.5,105.9,59.9,107
Goes,GM0664,664,Zeeland,PV29,29,Zeeland,VR19,19,GGD Zeeland,GG5006,5006,99174020.9053173,52553.0823751911,1588550400000,69,11,10,38080,181.2,28.9,26.3,108
Goirle,GM0785,785,Noord-Brabant,PV30,30,Midden- en West-Brabant,VR20,20,GGD Hart voor Brabant,GG5406,5406,43401924.0535927,41804.0623195899,1588550400000,69,27,17,23906,288.6,112.9,71.1,109
Gooise Meren,GM1942,1942,Noord-Holland,PV27,27,Gooi en Vechtstreek,VR14,14,GGD Gooi en Vechtstreek,GG3606,3606,45594492.5130234,57273.5986303199,1588550400000,97,23,8,58041,167.1,39.6,13.8,110
Gorinchem,GM0512,512,Zuid-Holland,PV28,28,Zuid-Holland-Zuid,VR18,18,Dienst Gezondheid & Jeugd Zuid-Holland Zuid,GG4816,4816,21948275.2225838,23915.4120943715,1588550400000,143,17,14,37009,386.4,45.9,37.8,111
Gouda,GM0513,513,Zuid-Holland,PV28,28,Hollands Midden,VR16,16,GGD Hollands-Midden,GG4506,4506,18105156.2721596,22957.6931334553,1588550400000,228,36,37,73443,310.4,49,50.4,112
Grave,GM0786,786,Noord-Brabant,PV30,30,Brabant-Noord,VR21,21,GGD Hart voor Brabant,GG5406,5406,28042630.8476639,27552.500429518,1588550400000,65,21,10,12437,522.6,168.9,80.4,113
Groningen,GM0014,14,Groningen,PV20,20,Groningen,VR01,1,GGD Groningen,GG0111,111,197951839.64817,97086.598171381,1588550400000,160,18,3,232922,68.7,7.7,1.3,114
Gulpen-Wittem,GM1729,1729,Limburg,PV31,31,Zuid-Limburg,VR24,24,GGD Zuid-Limburg,GG6106,6106,73352568.0624352,49542.3987862743,1588550400000,73,21,12,14176,515,148.1,84.7,115
Haaksbergen,GM0158,158,Overijssel,PV23,23,Twente,VR05,5,GGD Twente,GG1106,1106,105495498.718269,49388.0303424175,1588550400000,52,14,5,24309,213.9,57.6,20.6,116
Haaren,GM0788,788,Noord-Brabant,PV30,30,Brabant-Noord,VR21,21,GGD Hart voor Brabant,GG5406,5406,58557698.6426659,42909.7890895951,1588550400000,43,18,7,14371,299.2,125.3,48.7,117
Haarlem,GM0392,392,Noord-Holland,PV27,27,Kennemerland,VR12,12,GGD Kennemerland,GG3109,3109,32079410.2279511,30151.9747051223,1588550400000,248,58,48,162961,152.2,35.6,29.5,118
Haarlemmermeer,GM0394,394,Noord-Holland,PV27,27,Kennemerland,VR12,12,GGD Kennemerland,GG3109,3109,206279362.166687,72488.6668929722,1588550400000,209,62,21,156039,133.9,39.7,13.5,119
Halderberge,GM1655,1655,Noord-Brabant,PV30,30,Midden- en West-Brabant,VR20,20,GGD West-Brabant,GG5206,5206,75201605.7670174,43593.5911200686,1588550400000,53,13,6,30277,175.1,42.9,19.8,120
Hardenberg,GM0160,160,Overijssel,PV23,23,IJsselland,VR04,4,GGD Ijsselland,GG1009,1009,317133882.895287,120850.62068459,1588550400000,169,23,8,60940,277.3,37.7,13.1,121
Harderwijk,GM0243,243,Gelderland,PV25,25,Noord- en Oost-Gelderland,VR06,6,GGD Noord- en Oost-Gelderland,GG1413,1413,39121737.1542282,33926.8380038714,1588550400000,131,30,15,48429,270.5,61.9,31,122
Hardinxveld-Giessendam,GM0523,523,Zuid-Holland,PV28,28,Zuid-Holland-Zuid,VR18,18,Dienst Gezondheid & Jeugd Zuid-Holland Zuid,GG4816,4816,19372825.6481781,25163.8824911202,1588550400000,30,1,2,18295,164,5.5,10.9,123
Harlingen,GM0072,72,Friesland,PV21,21,Fryslân,VR02,2,GGD Fryslân,GG7206,7206,26799196.4666824,28832.1441351226,1588550400000,16,4,1,15720,101.8,25.4,6.4,124
Hattem,GM0244,244,Gelderland,PV25,25,Noord- en Oost-Gelderland,VR06,6,GGD Noord- en Oost-Gelderland,GG1413,1413,24171780.3090515,25129.9324869199,1588550400000,41,12,5,12213,335.7,98.3,40.9,125
Heemskerk,GM0396,396,Noord-Holland,PV27,27,Kennemerland,VR12,12,GGD Kennemerland,GG3109,3109,27818826.3785477,28780.5633569947,1588550400000,77,25,9,39188,196.5,63.8,23,126
Heemstede,GM0397,397,Noord-Holland,PV27,27,Kennemerland,VR12,12,GGD Kennemerland,GG3109,3109,9658592.07429886,13680.1408632868,1588550400000,87,10,31,27239,319.4,36.7,113.8,127
Heerde,GM0246,246,Gelderland,PV25,25,Noord- en Oost-Gelderland,VR06,6,GGD Noord- en Oost-Gelderland,GG1413,1413,80467845.1038208,38611.0486913304,1588550400000,181,45,26,18587,973.8,242.1,139.9,128
Heerenveen,GM0074,74,Friesland,PV21,21,Fryslân,VR02,2,GGD Fryslân,GG7206,7206,198243780.076294,102745.747566216,1588550400000,86,13,19,50494,170.3,25.7,37.6,129
Heerhugowaard,GM0398,398,Noord-Holland,PV27,27,Noord-Holland-Noord,VR10,10,GGD Hollands-Noorden,GG2707,2707,40017277.5096359,34713.9468870785,1588550400000,138,27,8,57592,239.6,46.9,13.9,130
Heerlen,GM0917,917,Limburg,PV31,31,Zuid-Limburg,VR24,24,GGD Zuid-Limburg,GG6106,6106,45541283.9484482,42847.014192268,1588550400000,337,118,47,87057,387.1,135.5,54,131
Heeze-Leende,GM1658,1658,Noord-Brabant,PV30,30,Brabant-Zuidoost,VR22,22,GGD Brabant-Zuidoost,GG5608,5608,105038995.418259,50532.366976795,1588550400000,58,15,8,16150,359.1,92.9,49.5,132
Heiloo,GM0399,399,Noord-Holland,PV27,27,Noord-Holland-Noord,VR10,10,GGD Hollands-Noorden,GG2707,2707,18996561.2494354,20266.3680487979,1588550400000,45,9,7,23974,187.7,37.5,29.2,133
Hellendoorn,GM0163,163,Overijssel,PV23,23,Twente,VR05,5,GGD Twente,GG1106,1106,138972581.49688,66798.2990800327,1588550400000,90,8,8,35923,250.5,22.3,22.3,134
Hellevoetsluis,GM0530,530,Zuid-Holland,PV28,28,Rotterdam-Rijnmond,VR17,17,GGD Rotterdam-Rijnmond,GG4607,4607,42724083.3781872,39773.1603945803,1588550400000,59,14,1,40158,146.9,34.9,2.5,135
Helmond,GM0794,794,Noord-Brabant,PV30,30,Brabant-Zuidoost,VR22,22,GGD Brabant-Zuidoost,GG5608,5608,54793497.6292229,42479.1905225339,1588550400000,321,105,35,92432,347.3,113.6,37.9,136
Hendrik-Ido-Ambacht,GM0531,531,Zuid-Holland,PV28,28,Zuid-Holland-Zuid,VR18,18,Dienst Gezondheid & Jeugd Zuid-Holland Zuid,GG4816,4816,11856854.3783569,18545.6033657912,1588550400000,34,7,4,31204,109,22.4,12.8,137
Hengelo,GM0164,164,Overijssel,PV23,23,Twente,VR05,5,GGD Twente,GG1106,1106,61811933.0008545,47025.1395833646,1588550400000,114,20,16,81147,140.5,24.6,19.7,138
Het Hogeland,GM1966,1966,Groningen,PV20,20,Groningen,VR01,1,GGD Groningen,GG0111,111,496395482.865387,202581.824495752,1588550400000,27,7,2,47834,56.4,14.6,4.2,139
Heumen,GM0252,252,Gelderland,PV25,25,Gelderland-Zuid,VR08,8,GGD Gelderland-Zuid,GG2014,2014,41511598.3887634,31639.9804043624,1588550400000,66,17,8,16450,401.2,103.3,48.6,140
Heusden,GM0797,797,Noord-Brabant,PV30,30,Brabant-Noord,VR21,21,GGD Hart voor Brabant,GG5406,5406,81205392.7383347,45420.9499986882,1588550400000,134,45,19,44699,299.8,100.7,42.5,141
Hillegom,GM0534,534,Zuid-Holland,PV28,28,Hollands Midden,VR16,16,GGD Hollands-Midden,GG4506,4506,13457562.3413849,15521.6655928961,1588550400000,30,7,2,22208,135.1,31.5,9,142
Hilvarenbeek,GM0798,798,Noord-Brabant,PV30,30,Midden- en West-Brabant,VR20,20,GGD Hart voor Brabant,GG5406,5406,96469339.1117706,52687.9432879182,1588550400000,38,7,5,15514,244.9,45.1,32.2,143
Hilversum,GM0402,402,Noord-Holland,PV27,27,Gooi en Vechtstreek,VR14,14,GGD Gooi en Vechtstreek,GG3606,3606,46359262.5431023,44750.4206968155,1588550400000,168,28,19,90883,184.9,30.8,20.9,144
Hoeksche Waard,GM1963,1963,Zuid-Holland,PV28,28,Zuid-Holland-Zuid,VR18,18,Dienst Gezondheid & Jeugd Zuid-Holland Zuid,GG4816,4816,283919754.789406,92078.5996387742,1588550400000,271,73,19,87461,309.9,83.5,21.7,145
Hof van Twente,GM1735,1735,Overijssel,PV23,23,Twente,VR05,5,GGD Twente,GG1106,1106,215422253.667587,73969.1151151843,1588550400000,61,15,4,35013,174.2,42.8,11.4,146
Hollands Kroon,GM1911,1911,Noord-Holland,PV27,27,Noord-Holland-Noord,VR10,10,GGD Hollands-Noorden,GG2707,2707,375124682.503094,119691.268702781,1588550400000,59,26,6,48434,121.8,53.7,12.4,147
Hoogeveen,GM0118,118,Drenthe,PV22,22,Drenthe,VR03,3,GGD Drente,GG0706,706,129272744.523582,64660.0322424339,1588550400000,85,18,7,55697,152.6,32.3,12.6,148
Hoorn,GM0405,405,Noord-Holland,PV27,27,Noord-Holland-Noord,VR10,10,GGD Hollands-Noorden,GG2707,2707,21062432.8543282,28442.5954006018,1588550400000,87,34,12,73232,118.8,46.4,16.4,149
Horst aan de Maas,GM1507,1507,Limburg,PV31,31,Limburg-Noord,VR23,23,GGD Limburg-Noord,GG6011,6011,191900898.092262,71494.7454986954,1588550400000,120,41,23,42433,282.8,96.6,54.2,150
Houten,GM0321,321,Utrecht,PV26,26,Utrecht,VR09,9,GGD regio Utrecht,GG2514,2514,58947914.502346,38305.4761246545,1588550400000,107,24,12,50146,213.4,47.9,23.9,151
Huizen,GM0406,406,Noord-Holland,PV27,27,Gooi en Vechtstreek,VR14,14,GGD Gooi en Vechtstreek,GG3606,3606,15913001.3504028,23209.4530846709,1588550400000,112,20,7,41273,271.4,48.5,17,152
Hulst,GM0677,677,Zeeland,PV29,29,Zeeland,VR19,19,GGD Zeeland,GG5006,5006,205001143.750921,103949.513425406,1588550400000,29,9,4,27556,105.2,32.7,14.5,153
IJsselstein,GM0353,353,Utrecht,PV26,26,Utrecht,VR09,9,GGD regio Utrecht,GG2514,2514,21644631.4719048,25309.2997887942,1588550400000,119,34,29,34110,348.9,99.7,85,154
Kaag en Braassem,GM1884,1884,Zuid-Holland,PV28,28,Hollands Midden,VR16,16,GGD Hollands-Midden,GG4506,4506,72283552.0648384,42601.4470112171,1588550400000,26,6,2,27300,95.2,22,7.3,155
Kampen,GM0166,166,Overijssel,PV23,23,IJsselland,VR04,4,GGD Ijsselland,GG1009,1009,149133721.710052,83437.9882049854,1588550400000,317,59,26,54340,583.4,108.6,47.8,156
Kapelle,GM0678,678,Zeeland,PV29,29,Zeeland,VR19,19,GGD Zeeland,GG5006,5006,38235190.812233,32464.8838972026,1588550400000,22,3,1,12691,173.4,23.6,7.9,157
Katwijk,GM0537,537,Zuid-Holland,PV28,28,Hollands Midden,VR16,16,GGD Hollands-Midden,GG4506,4506,26427712.8669357,26675.0910894249,1588550400000,177,26,12,65754,269.2,39.5,18.2,158
Kerkrade,GM0928,928,Limburg,PV31,31,Zuid-Limburg,VR24,24,GGD Zuid-Limburg,GG6106,6106,22146003.6338959,26324.6778524184,1588550400000,181,62,25,45744,395.7,135.5,54.7,159
Koggenland,GM1598,1598,Noord-Holland,PV27,27,Noord-Holland-Noord,VR10,10,GGD Hollands-Noorden,GG2707,2707,83355996.0586777,47326.2740204524,1588550400000,34,6,6,22752,149.4,26.4,26.4,160
Krimpen aan den IJssel,GM0542,542,Zuid-Holland,PV28,28,Rotterdam-Rijnmond,VR17,17,GGD Rotterdam-Rijnmond,GG4607,4607,8940012.13277054,16308.9118465726,1588550400000,65,9,7,29533,220.1,30.5,23.7,161
Krimpenerwaard,GM1931,1931,Zuid-Holland,PV28,28,Hollands Midden,VR16,16,GGD Hollands-Midden,GG4506,4506,161348524.252026,70643.192561704,1588550400000,140,44,21,56319,248.6,78.1,37.3,162
Laarbeek,GM1659,1659,Noord-Brabant,PV30,30,Brabant-Zuidoost,VR22,22,GGD Brabant-Zuidoost,GG5608,5608,56153722.1078568,37542.1870630994,1588550400000,108,38,26,22530,479.4,168.7,115.4,163
Landerd,GM1685,1685,Noord-Brabant,PV30,30,Brabant-Noord,VR21,21,GGD Hart voor Brabant,GG5406,5406,70760058.4097748,49015.5736799215,1588550400000,137,39,21,15730,870.9,247.9,133.5,164
Landgraaf,GM0882,882,Limburg,PV31,31,Zuid-Limburg,VR24,24,GGD Zuid-Limburg,GG6106,6106,24678953.9715996,26206.9824983056,1588550400000,129,53,12,37457,344.4,141.5,32,165
Landsmeer,GM0415,415,Noord-Holland,PV27,27,Zaanstreek-Waterland,VR11,11,GGD Zaanstreek/Waterland,GG7306,7306,26490518.2097664,22293.3182289336,1588550400000,22,3,3,11492,191.4,26.1,26.1,166
Langedijk,GM0416,416,Noord-Holland,PV27,27,Noord-Holland-Noord,VR10,10,GGD Hollands-Noorden,GG2707,2707,27013732.9781075,30209.2645489127,1588550400000,43,16,2,28157,152.7,56.8,7.1,167
Lansingerland,GM1621,1621,Zuid-Holland,PV28,28,Rotterdam-Rijnmond,VR17,17,GGD Rotterdam-Rijnmond,GG4607,4607,56427891.9391594,39575.459589094,1588550400000,166,40,19,62396,266,64.1,30.5,168
Laren,GM0417,417,Noord-Holland,PV27,27,Gooi en Vechtstreek,VR14,14,GGD Gooi en Vechtstreek,GG3606,3606,12410059.7746124,16510.4798831715,1588550400000,23,8,2,11274,204,71,17.7,169
Leeuwarden,GM0080,80,Friesland,PV21,21,Fryslân,VR02,2,GGD Fryslân,GG7206,7206,255588130.055664,124899.984484755,1588550400000,53,33,6,124058,42.7,26.6,4.8,170
Leiden,GM0546,546,Zuid-Holland,PV28,28,Hollands Midden,VR16,16,GGD Hollands-Midden,GG4506,4506,23305762.7745056,25537.2031772743,1588550400000,131,38,16,125174,104.7,30.4,12.8,171
Leiderdorp,GM0547,547,Zuid-Holland,PV28,28,Hollands Midden,VR16,16,GGD Hollands-Midden,GG4506,4506,12294148.0874558,16253.6306530027,1588550400000,29,12,6,27059,107.2,44.3,22.2,172
Leidschendam-Voorburg,GM1916,1916,Zuid-Holland,PV28,28,Haaglanden,VR15,15,GGD Haaglanden,GG7014,7014,35662872.5445518,36344.3763125663,1588550400000,93,19,10,76553,121.5,24.8,13.1,173
Lelystad,GM0995,995,Flevoland,PV24,24,Flevoland,VR25,25,GGD Flevoland,GG2209,2209,265147571.25573,155780.731247509,1588550400000,144,57,16,78619,183.2,72.5,20.4,174
Leudal,GM1640,1640,Limburg,PV31,31,Limburg-Noord,VR23,23,GGD Limburg-Noord,GG6011,6011,164941435.759884,73107.9227189713,1588550400000,174,53,28,35896,484.7,147.6,78,175
Leusden,GM0327,327,Utrecht,PV26,26,Utrecht,VR09,9,GGD regio Utrecht,GG2514,2514,58873328.2302895,42159.6567419693,1588550400000,40,9,4,30399,131.6,29.6,13.2,176
Lingewaard,GM1705,1705,Gelderland,PV25,25,Gelderland-Midden,VR07,7,Veiligheids- en Gezondheidsregio Gelderland-Midden,GG1911,1911,69162415.6306,45182.0479251475,1588550400000,107,30,8,46606,229.6,64.4,17.2,177
Lisse,GM0553,553,Zuid-Holland,PV28,28,Hollands Midden,VR16,16,GGD Hollands-Midden,GG4506,4506,16063789.0131531,18962.0367054686,1588550400000,23,6,2,22957,100.2,26.1,8.7,178
Lochem,GM0262,262,Gelderland,PV25,25,Noord- en Oost-Gelderland,VR06,6,GGD Noord- en Oost-Gelderland,GG1413,1413,215953028.008545,86190.1932225132,1588550400000,83,12,12,33730,246.1,35.6,35.6,179
Loon op Zand,GM0809,809,Noord-Brabant,PV30,30,Midden- en West-Brabant,VR20,20,GGD Hart voor Brabant,GG5406,5406,50668813.2823677,33544.2000345061,1588550400000,54,21,6,23407,230.7,89.7,25.6,180
Lopik,GM0331,331,Utrecht,PV26,26,Utrecht,VR09,9,GGD regio Utrecht,GG2514,2514,78987369.5054283,42086.2590624115,1588550400000,57,19,7,14471,393.9,131.3,48.4,181
Loppersum,GM0024,24,Groningen,PV20,20,Groningen,VR01,1,GGD Groningen,GG0111,111,112024621.685761,63739.5926174483,1588550400000,2,0,0,9533,21,0,0,182
Losser,GM0168,168,Overijssel,PV23,23,Twente,VR05,5,GGD Twente,GG1106,1106,99716485.3329926,54989.1109513104,1588550400000,23,7,0,22685,101.4,30.9,0,183
Maasdriel,GM0263,263,Gelderland,PV25,25,Gelderland-Zuid,VR08,8,GGD Gelderland-Zuid,GG2014,2014,75596711.8531837,52273.4689102556,1588550400000,41,15,5,25034,163.8,59.9,20,184
Maasgouw,GM1641,1641,Limburg,PV31,31,Limburg-Noord,VR23,23,GGD Limburg-Noord,GG6011,6011,58140916.5135002,48194.5594520236,1588550400000,97,27,12,23960,404.8,112.7,50.1,185
Maassluis,GM0556,556,Zuid-Holland,PV28,28,Rotterdam-Rijnmond,VR17,17,GGD Rotterdam-Rijnmond,GG4607,4607,10128634.84198,15282.0240937127,1588550400000,52,18,3,33216,156.6,54.2,9,186
Maastricht,GM0935,935,Limburg,PV31,31,Zuid-Limburg,VR24,24,GGD Zuid-Limburg,GG6106,6106,60157133.2934837,42007.1753497611,1588550400000,702,175,103,121558,577.5,144,84.7,187
Medemblik,GM0420,420,Noord-Holland,PV27,27,Noord-Holland-Noord,VR10,10,GGD Hollands-Noorden,GG2707,2707,125399363.233128,65436.198265731,1588550400000,69,18,6,45104,153,39.9,13.3,188
Meerssen,GM0938,938,Limburg,PV31,31,Zuid-Limburg,VR24,24,GGD Zuid-Limburg,GG6106,6106,27709924.7733612,34220.7276358192,1588550400000,92,21,11,18832,488.5,111.5,58.4,189
Meierijstad,GM1948,1948,Noord-Brabant,PV30,30,Brabant-Noord,VR21,21,GGD Hart voor Brabant,GG5406,5406,185524021.87323,78059.6956162774,1588550400000,522,206,121,81197,642.9,253.7,149,190
Meppel,GM0119,119,Drenthe,PV22,22,Drenthe,VR03,3,GGD Drente,GG0706,706,57041414.043541,52008.3068091224,1588550400000,31,8,3,33902,91.4,23.6,8.8,191
Middelburg,GM0687,687,Zeeland,PV29,29,Zeeland,VR19,19,GGD Zeeland,GG5006,5006,53051318.768033,40734.1166848912,1588550400000,53,18,7,48810,108.6,36.9,14.3,192
Midden-Delfland,GM1842,1842,Zuid-Holland,PV28,28,Haaglanden,VR15,15,GGD Haaglanden,GG7014,7014,49413536.0311203,49250.1914749005,1588550400000,16,4,0,19344,82.7,20.7,0,193
Midden-Drenthe,GM1731,1731,Drenthe,PV22,22,Drenthe,VR03,3,GGD Drente,GG0706,706,345840045.830597,111475.326016188,1588550400000,20,6,0,33182,60.3,18.1,0,194
Midden-Groningen,GM1952,1952,Groningen,PV20,20,Groningen,VR01,1,GGD Groningen,GG0111,111,295800445.184753,99768.0474302416,1588550400000,30,6,3,60804,49.3,9.9,4.9,195
Mill en Sint Hubert,GM0815,815,Noord-Brabant,PV30,30,Brabant-Noord,VR21,21,GGD Hart voor Brabant,GG5406,5406,53140981.2618637,35237.9056306991,1588550400000,36,9,5,10941,329,82.3,45.7,196
Moerdijk,GM1709,1709,Noord-Brabant,PV30,30,Midden- en West-Brabant,VR20,20,GGD West-Brabant,GG5206,5206,162777295.237984,86946.2344235811,1588550400000,70,14,8,37136,188.5,37.7,21.5,197
Molenlanden,GM1978,1978,Zuid-Holland,PV28,28,Zuid-Holland-Zuid,VR18,18,Dienst Gezondheid & Jeugd Zuid-Holland Zuid,GG4816,4816,191613232.574406,88033.7118904821,1588550400000,107,18,7,43931,243.6,41,15.9,198
Montferland,GM1955,1955,Gelderland,PV25,25,Noord- en Oost-Gelderland,VR06,6,GGD Noord- en Oost-Gelderland,GG1413,1413,106651697.786461,59595.3690165343,1588550400000,85,15,7,36009,236.1,41.7,19.4,199
Montfoort,GM0335,335,Utrecht,PV26,26,Utrecht,VR09,9,GGD regio Utrecht,GG2514,2514,38245963.4221764,36380.5807402269,1588550400000,34,12,5,13920,244.3,86.2,35.9,200
Mook en Middelaar,GM0944,944,Limburg,PV31,31,Limburg-Noord,VR23,23,GGD Limburg-Noord,GG6011,6011,18764906.0408859,19605.757638186,1588550400000,34,6,5,7847,433.3,76.5,63.7,201
Neder-Betuwe,GM1740,1740,Gelderland,PV25,25,Gelderland-Zuid,VR08,8,GGD Gelderland-Zuid,GG2014,2014,67424748.1039886,65592.8594167544,1588550400000,115,31,18,24342,472.4,127.4,73.9,202
Nederweert,GM0946,946,Limburg,PV31,31,Limburg-Noord,VR23,23,GGD Limburg-Noord,GG6011,6011,101785800.937824,49549.9253671564,1588550400000,50,31,7,17022,293.7,182.1,41.1,203
Nieuwegein,GM0356,356,Utrecht,PV26,26,Utrecht,VR09,9,GGD regio Utrecht,GG2514,2514,25647161.1125526,23729.7586961856,1588550400000,104,41,13,63461,163.9,64.6,20.5,204
Nieuwkoop,GM0569,569,Zuid-Holland,PV28,28,Hollands Midden,VR16,16,GGD Hollands-Midden,GG4506,4506,91154359.603344,54956.4776832292,1588550400000,45,8,4,28809,156.2,27.8,13.9,205
Nijkerk,GM0267,267,Gelderland,PV25,25,Gelderland-Midden,VR07,7,Veiligheids- en Gezondheidsregio Gelderland-Midden,GG1911,1911,69886855.5278549,56386.7416311579,1588550400000,54,22,3,43176,125.1,51,6.9,206
Nijmegen,GM0268,268,Gelderland,PV25,25,Gelderland-Zuid,VR08,8,GGD Gelderland-Zuid,GG2014,2014,57579589.6475372,42654.5823985764,1588550400000,547,123,52,177698,307.8,69.2,29.3,207
Nissewaard,GM1930,1930,Zuid-Holland,PV28,28,Rotterdam-Rijnmond,VR17,17,GGD Rotterdam-Rijnmond,GG4607,4607,81225789.2945366,49524.0418727575,1588550400000,158,47,12,85237,185.4,55.1,14.1,208
Noardeast-Fryslân,GM1970,1970,Friesland,PV21,21,Fryslân,VR02,2,GGD Fryslân,GG7206,7206,396993475.458534,142960.354601883,1588550400000,23,6,4,45251,50.8,13.3,8.8,209
Noord-Beveland,GM1695,1695,Zeeland,PV29,29,Zeeland,VR19,19,GGD Zeeland,GG5006,5006,92986503.7776289,52860.0108322195,1588550400000,6,1,0,7395,81.1,13.5,0,210
Noordenveld,GM1699,1699,Drenthe,PV22,22,Drenthe,VR03,3,GGD Drente,GG0706,706,205289227.717247,74104.2431409041,1588550400000,18,4,1,31242,57.6,12.8,3.2,211
Noordoostpolder,GM0171,171,Flevoland,PV24,24,Flevoland,VR25,25,GGD Flevoland,GG2209,2209,464191584.498604,115368.205951091,1588550400000,73,14,9,47262,154.5,29.6,19,212
Noordwijk,GM0575,575,Zuid-Holland,PV28,28,Hollands Midden,VR16,16,GGD Hollands-Midden,GG4506,4506,59271012.7834587,37951.5038026219,1588550400000,41,16,2,43528,94.2,36.8,4.6,213
"Nuenen, Gerwen en Nederwetten",GM0820,820,Noord-Brabant,PV30,30,Brabant-Zuidoost,VR22,22,GGD Brabant-Zuidoost,GG5608,5608,33905218.8997459,34506.5782435276,1588550400000,48,17,8,23379,205.3,72.7,34.2,214
Nunspeet,GM0302,302,Gelderland,PV25,25,Noord- en Oost-Gelderland,VR06,6,GGD Noord- en Oost-Gelderland,GG1413,1413,128868854.055,54478.2101949692,1588550400000,200,42,20,27845,718.3,150.8,71.8,215
Oegstgeest,GM0579,579,Zuid-Holland,PV28,28,Hollands Midden,VR16,16,GGD Hollands-Midden,GG4506,4506,7947447.97873688,18854.5415523587,1588550400000,37,8,3,24843,148.9,32.2,12.1,216
Oirschot,GM0823,823,Noord-Brabant,PV30,30,Brabant-Zuidoost,VR22,22,GGD Brabant-Zuidoost,GG5608,5608,102881714.672981,60173.6705415659,1588550400000,58,12,9,18723,309.8,64.1,48.1,217
Oisterwijk,GM0824,824,Noord-Brabant,PV30,30,Midden- en West-Brabant,VR20,20,GGD Hart voor Brabant,GG5406,5406,65085242.0925522,37943.7964420717,1588550400000,58,16,9,26241,221,61,34.3,218
Oldambt,GM1895,1895,Groningen,PV20,20,Groningen,VR01,1,GGD Groningen,GG0111,111,240283370.672897,80755.7507114046,1588550400000,13,7,0,38213,34,18.3,0,219
Oldebroek,GM0269,269,Gelderland,PV25,25,Noord- en Oost-Gelderland,VR06,6,GGD Noord- en Oost-Gelderland,GG1413,1413,98345889.2018356,50844.2388463207,1588550400000,150,35,17,23645,634.4,148,71.9,220
Oldenzaal,GM0173,173,Overijssel,PV23,23,Twente,VR05,5,GGD Twente,GG1106,1106,21962608.6414337,22789.5377360814,1588550400000,48,14,7,31832,150.8,44,22,221
Olst-Wijhe,GM1773,1773,Overijssel,PV23,23,IJsselland,VR04,4,GGD Ijsselland,GG1009,1009,118304780.319031,65033.8255502083,1588550400000,47,12,8,18251,257.5,65.7,43.8,222
Ommen,GM0175,175,Overijssel,PV23,23,IJsselland,VR04,4,GGD Ijsselland,GG1009,1009,182024143.341805,76840.2640504636,1588550400000,50,9,2,18007,277.7,50,11.1,223
Oost Gelre,GM1586,1586,Gelderland,PV25,25,Noord- en Oost-Gelderland,VR06,6,GGD Noord- en Oost-Gelderland,GG1413,1413,110444103.758018,56742.9793195851,1588550400000,51,13,5,29623,172.2,43.9,16.9,224
Oosterhout,GM0826,826,Noord-Brabant,PV30,30,Midden- en West-Brabant,VR20,20,GGD West-Brabant,GG5206,5206,73048264.7236061,42714.2858131222,1588550400000,105,44,14,55990,187.5,78.6,25,225
Ooststellingwerf,GM0085,85,Friesland,PV21,21,Fryslân,VR02,2,GGD Fryslân,GG7206,7206,226129016.498222,71636.9405017688,1588550400000,7,3,0,25472,27.5,11.8,0,226
Oostzaan,GM0431,431,Noord-Holland,PV27,27,Zaanstreek-Waterland,VR11,11,GGD Zaanstreek/Waterland,GG7306,7306,16087876.7071342,18553.6092686432,1588550400000,26,11,1,9733,267.1,113,10.3,227
Opmeer,GM0432,432,Noord-Holland,PV27,27,Noord-Holland-Noord,VR10,10,GGD Hollands-Noorden,GG2707,2707,41912116.6716118,32103.2687930376,1588550400000,8,1,1,11837,67.6,8.4,8.4,228
Opsterland,GM0086,86,Friesland,PV21,21,Fryslân,VR02,2,GGD Fryslân,GG7206,7206,227602889.342278,84509.7751279955,1588550400000,23,6,0,29742,77.3,20.2,0,229
Oss,GM0828,828,Noord-Brabant,PV30,30,Brabant-Noord,VR21,21,GGD Hart voor Brabant,GG5406,5406,170829173.903301,72022.4959634815,1588550400000,450,165,85,91932,489.5,179.5,92.5,230
Oude IJsselstreek,GM1509,1509,Gelderland,PV25,25,Noord- en Oost-Gelderland,VR06,6,GGD Noord- en Oost-Gelderland,GG1413,1413,137950185.312645,77212.0592677261,1588550400000,74,17,9,39392,187.9,43.2,22.8,231
Ouder-Amstel,GM0437,437,Noord-Holland,PV27,27,Amsterdam-Amstelland,VR13,13,GGD Amsterdam,GG3406,3406,25830643.6008987,32174.5964884563,1588550400000,32,5,0,14029,228.1,35.6,0,232
Oudewater,GM0589,589,Utrecht,PV26,26,Utrecht,VR09,9,GGD regio Utrecht,GG2514,2514,40096965.4281693,35639.3622610668,1588550400000,51,25,8,10226,498.7,244.5,78.2,233
Overbetuwe,GM1734,1734,Gelderland,PV25,25,Gelderland-Midden,VR07,7,Veiligheids- en Gezondheidsregio Gelderland-Midden,GG1911,1911,115061619.712151,60252.3361537276,1588550400000,119,56,15,47909,248.4,116.9,31.3,234
Papendrecht,GM0590,590,Zuid-Holland,PV28,28,Zuid-Holland-Zuid,VR18,18,Dienst Gezondheid & Jeugd Zuid-Holland Zuid,GG4816,4816,10760082.9674149,14885.3316519036,1588550400000,55,7,6,32133,171.2,21.8,18.7,235
Peel en Maas,GM1894,1894,Limburg,PV31,31,Limburg-Noord,VR23,23,GGD Limburg-Noord,GG6011,6011,161331253.053841,58295.5964919877,1588550400000,260,142,59,43420,598.8,327,135.9,236
Pekela,GM0765,765,Groningen,PV20,20,Groningen,VR01,1,GGD Groningen,GG0111,111,50182932.2480774,35438.9983402018,1588550400000,5,4,0,12199,41,32.8,0,237
Pijnacker-Nootdorp,GM1926,1926,Zuid-Holland,PV28,28,Haaglanden,VR15,15,GGD Haaglanden,GG7014,7014,38619269.9507446,31299.1948636461,1588550400000,110,22,11,55329,198.8,39.8,19.9,238
Purmerend,GM0439,439,Noord-Holland,PV27,27,Zaanstreek-Waterland,VR11,11,GGD Zaanstreek/Waterland,GG7306,7306,24553659.236824,23494.5999069257,1588550400000,200,64,30,81233,246.2,78.8,36.9,239
Putten,GM0273,273,Gelderland,PV25,25,Noord- en Oost-Gelderland,VR06,6,GGD Noord- en Oost-Gelderland,GG1413,1413,85255059.1267242,40718.969165944,1588550400000,22,4,0,24113,91.2,16.6,0,240
Raalte,GM0177,177,Overijssel,PV23,23,IJsselland,VR04,4,GGD Ijsselland,GG1009,1009,172358742.854027,75783.9087584082,1588550400000,143,23,16,37709,379.2,61,42.4,241
Reimerswaal,GM0703,703,Zeeland,PV29,29,Zeeland,VR19,19,GGD Zeeland,GG5006,5006,114196577.599363,80706.0200579402,1588550400000,28,4,2,22728,123.2,17.6,8.8,242
Renkum,GM0274,274,Gelderland,PV25,25,Gelderland-Midden,VR07,7,Veiligheids- en Gezondheidsregio Gelderland-Midden,GG1911,1911,47219987.7603531,34931.4189614599,1588550400000,64,14,5,31404,203.8,44.6,15.9,243
Renswoude,GM0339,339,Utrecht,PV26,26,Utrecht,VR09,9,GGD regio Utrecht,GG2514,2514,18541213.2167053,23777.6288631156,1588550400000,18,5,5,5448,330.4,91.8,91.8,244
Reusel-De Mierden,GM1667,1667,Noord-Brabant,PV30,30,Brabant-Zuidoost,VR22,22,GGD Brabant-Zuidoost,GG5608,5608,78694723.1168404,41560.8117212417,1588550400000,21,10,2,13110,160.2,76.3,15.3,245
Rheden,GM0275,275,Gelderland,PV25,25,Gelderland-Midden,VR07,7,Veiligheids- en Gezondheidsregio Gelderland-Midden,GG1911,1911,84254863.5003357,48919.0961847454,1588550400000,98,32,14,43736,224.1,73.2,32,246
Rhenen,GM0340,340,Utrecht,PV26,26,Utrecht,VR09,9,GGD regio Utrecht,GG2514,2514,43801352.9161453,34063.9079870069,1588550400000,29,9,5,20125,144.1,44.7,24.8,247
Ridderkerk,GM0597,597,Zuid-Holland,PV28,28,Rotterdam-Rijnmond,VR17,17,GGD Rotterdam-Rijnmond,GG4607,4607,25239302.0066414,22634.7505729746,1588550400000,106,34,11,46204,229.4,73.6,23.8,248
Rijssen-Holten,GM1742,1742,Overijssel,PV23,23,Twente,VR05,5,GGD Twente,GG1106,1106,94344107.7934341,44594.8699277511,1588550400000,151,28,13,38178,395.5,73.3,34.1,249
Rijswijk,GM0603,603,Zuid-Holland,PV28,28,Haaglanden,VR15,15,GGD Haaglanden,GG7014,7014,14487177.2888184,16991.4026271738,1588550400000,105,33,18,54432,192.9,60.6,33.1,250
Roerdalen,GM1669,1669,Limburg,PV31,31,Limburg-Noord,VR23,23,GGD Limburg-Noord,GG6011,6011,88788151.773777,65831.3683256235,1588550400000,46,27,7,20572,223.6,131.2,34,251
Roermond,GM0957,957,Limburg,PV31,31,Limburg-Noord,VR23,23,GGD Limburg-Noord,GG6011,6011,71075973.7569923,46821.3327414569,1588550400000,123,58,21,58254,211.1,99.6,36,252
Roosendaal,GM1674,1674,Noord-Brabant,PV30,30,Midden- en West-Brabant,VR20,20,GGD West-Brabant,GG5206,5206,107177249.751303,53007.5618920862,1588550400000,202,27,18,77226,261.6,35,23.3,253
Rotterdam,GM0599,599,Zuid-Holland,PV28,28,Rotterdam-Rijnmond,VR17,17,GGD Rotterdam-Rijnmond,GG4607,4607,270521238.907356,217898.152516374,1588550400000,2025,442,235,651376,310.9,67.9,36.1,254
Rozendaal,GM0277,277,Gelderland,PV25,25,Gelderland-Midden,VR07,7,Veiligheids- en Gezondheidsregio Gelderland-Midden,GG1911,1911,27945348.8882904,25120.5991224231,1588550400000,3,1,0,1705,176,58.7,0,255
Rucphen,GM0840,840,Noord-Brabant,PV30,30,Midden- en West-Brabant,VR20,20,GGD West-Brabant,GG5206,5206,64495709.9356728,47467.2762258154,1588550400000,60,8,7,22873,262.3,35,30.6,256
Schagen,GM0441,441,Noord-Holland,PV27,27,Noord-Holland-Noord,VR10,10,GGD Hollands-Noorden,GG2707,2707,171943626.68433,65526.6028088068,1588550400000,72,19,7,46482,154.9,40.9,15.1,257
Scherpenzeel,GM0279,279,Gelderland,PV25,25,Gelderland-Midden,VR07,7,Veiligheids- en Gezondheidsregio Gelderland-Midden,GG1911,1911,13818668.4589462,18781.9595326064,1588550400000,22,4,2,9880,222.7,40.5,20.2,258
Schiedam,GM0606,606,Zuid-Holland,PV28,28,Rotterdam-Rijnmond,VR17,17,GGD Rotterdam-Rijnmond,GG4607,4607,19854890.8551788,23043.134384494,1588550400000,185,44,15,78739,235,55.9,19.1,259
Schiermonnikoog,GM0088,88,Friesland,PV21,21,Fryslân,VR02,2,GGD Fryslân,GG7206,7206,44646473.162796,50548.5485603487,1588550400000,0,0,0,947,0,0,0,260
Schouwen-Duiveland,GM1676,1676,Zeeland,PV29,29,Zeeland,VR19,19,GGD Zeeland,GG5006,5006,238450338.036651,145022.737969849,1588550400000,37,11,1,33858,109.3,32.5,3,261
Simpelveld,GM0965,965,Limburg,PV31,31,Zuid-Limburg,VR24,24,GGD Zuid-Limburg,GG6106,6106,16044392.3415871,19514.560634716,1588550400000,40,18,5,10552,379.1,170.6,47.4,262
Sint-Michielsgestel,GM0845,845,Noord-Brabant,PV30,30,Brabant-Noord,VR21,21,GGD Hart voor Brabant,GG5406,5406,59365833.3664742,52264.8209876239,1588550400000,94,36,15,29203,321.9,123.3,51.4,263
Sint Anthonis,GM1702,1702,Noord-Brabant,PV30,30,Brabant-Noord,VR21,21,GGD Hart voor Brabant,GG5406,5406,99806672.452713,46093.5236987389,1588550400000,61,20,10,11672,522.6,171.4,85.7,264
Sittard-Geleen,GM1883,1883,Limburg,PV31,31,Zuid-Limburg,VR24,24,GGD Zuid-Limburg,GG6106,6106,80556496.6867294,50150.6348160475,1588550400000,373,111,55,92422,403.6,120.1,59.5,265
Sliedrecht,GM0610,610,Zuid-Holland,PV28,28,Zuid-Holland-Zuid,VR18,18,Dienst Gezondheid & Jeugd Zuid-Holland Zuid,GG4816,4816,13997060.263546,16096.7662567799,1588550400000,49,9,5,25217,194.3,35.7,19.8,266
Sluis,GM1714,1714,Zeeland,PV29,29,Zeeland,VR19,19,GGD Zeeland,GG5006,5006,283309984.114966,102088.021334559,1588550400000,17,8,4,23217,73.2,34.5,17.2,267
Smallingerland,GM0090,90,Friesland,PV21,21,Fryslân,VR02,2,GGD Fryslân,GG7206,7206,126208657.193115,61274.3830962894,1588550400000,51,9,5,56154,90.8,16,8.9,268
Soest,GM0342,342,Utrecht,PV26,26,Utrecht,VR09,9,GGD regio Utrecht,GG2514,2514,46438500.6457939,30219.5936558335,1588550400000,74,22,10,46607,158.8,47.2,21.5,269
Someren,GM0847,847,Noord-Brabant,PV30,30,Brabant-Zuidoost,VR22,22,GGD Brabant-Zuidoost,GG5608,5608,81502846.4261742,41366.9294075913,1588550400000,96,30,8,19376,495.5,154.8,41.3,270
Son en Breugel,GM0848,848,Noord-Brabant,PV30,30,Brabant-Zuidoost,VR22,22,GGD Brabant-Zuidoost,GG5608,5608,26546315.5477142,27866.1266839962,1588550400000,70,31,14,17321,404.1,179,80.8,271
Stadskanaal,GM0037,37,Groningen,PV20,20,Groningen,VR01,1,GGD Groningen,GG0111,111,120028760.508255,63423.8602665789,1588550400000,5,2,1,31688,15.8,6.3,3.2,272
Staphorst,GM0180,180,Overijssel,PV23,23,IJsselland,VR04,4,GGD Ijsselland,GG1009,1009,135718839.771156,57797.4660233176,1588550400000,56,8,4,17144,326.6,46.7,23.3,273
Stede Broec,GM0532,532,Noord-Holland,PV27,27,Noord-Holland-Noord,VR10,10,GGD Hollands-Noorden,GG2707,2707,15608942.0216293,16652.3599587963,1588550400000,48,19,5,21734,220.9,87.4,23,274
Steenbergen,GM0851,851,Noord-Brabant,PV30,30,Midden- en West-Brabant,VR20,20,GGD West-Brabant,GG5206,5206,151237409.637049,55356.4522457823,1588550400000,77,13,11,24501,314.3,53.1,44.9,275
Steenwijkerland,GM1708,1708,Overijssel,PV23,23,IJsselland,VR04,4,GGD Ijsselland,GG1009,1009,321281276.065285,99516.5890524977,1588550400000,85,14,5,44139,192.6,31.7,11.3,276
Stein,GM0971,971,Limburg,PV31,31,Zuid-Limburg,VR24,24,GGD Zuid-Limburg,GG6106,6106,22823651.7142334,30220.7031864365,1588550400000,110,43,15,25000,440,172,60,277
Stichtse Vecht,GM1904,1904,Utrecht,PV26,26,Utrecht,VR09,9,GGD regio Utrecht,GG2514,2514,106890764.06522,82649.5856396085,1588550400000,96,31,9,64928,147.9,47.7,13.9,278
Súdwest-Fryslân,GM1900,1900,Friesland,PV21,21,Fryslân,VR02,2,GGD Fryslân,GG7206,7206,576711340.955566,203083.932433183,1588550400000,74,17,3,89987,82.2,18.9,3.3,279
Terneuzen,GM0715,715,Zeeland,PV29,29,Zeeland,VR19,19,GGD Zeeland,GG5006,5006,260823674.424031,103713.76162984,1588550400000,101,24,3,54438,185.5,44.1,5.5,280
Terschelling,GM0093,93,Friesland,PV21,21,Fryslân,VR02,2,GGD Fryslân,GG7206,7206,89273711.7092056,88822.7662269324,1588550400000,2,0,0,4889,40.9,0,0,281
Texel,GM0448,448,Noord-Holland,PV27,27,Noord-Holland-Noord,VR10,10,GGD Hollands-Noorden,GG2707,2707,166799382.951534,72859.7208130466,1588550400000,10,4,1,13573,73.7,29.5,7.4,282
Teylingen,GM1525,1525,Zuid-Holland,PV28,28,Hollands Midden,VR16,16,GGD Hollands-Midden,GG4506,4506,33479356.5793457,30355.0464873006,1588550400000,48,12,2,37426,128.3,32.1,5.3,283
Tholen,GM0716,716,Zeeland,PV29,29,Zeeland,VR19,19,GGD Zeeland,GG5006,5006,158362643.122112,83878.5334505034,1588550400000,134,38,14,25758,520.2,147.5,54.4,284
Tiel,GM0281,281,Gelderland,PV25,25,Gelderland-Zuid,VR08,8,GGD Gelderland-Zuid,GG2014,2014,35564572.7063675,31867.8324587516,1588550400000,102,41,17,42161,241.9,97.2,40.3,285
Tilburg,GM0855,855,Noord-Brabant,PV30,30,Midden- en West-Brabant,VR20,20,GGD Hart voor Brabant,GG5406,5406,118096531.861496,62287.7537720132,1588550400000,670,184,150,219800,304.8,83.7,68.2,286
Tubbergen,GM0183,183,Overijssel,PV23,23,Twente,VR05,5,GGD Twente,GG1106,1106,147475994.326241,64458.8576031587,1588550400000,77,11,4,21279,361.9,51.7,18.8,287
Twenterand,GM1700,1700,Overijssel,PV23,23,Twente,VR05,5,GGD Twente,GG1106,1106,108116511.073845,71356.7079870439,1588550400000,57,12,2,33743,168.9,35.6,5.9,288
Tynaarlo,GM1730,1730,Drenthe,PV22,22,Drenthe,VR03,3,GGD Drente,GG0706,706,147719556.230568,90930.1218085009,1588550400000,38,9,0,33879,112.2,26.6,0,289
Tytsjerksteradiel,GM0737,737,Friesland,PV21,21,Fryslân,VR02,2,GGD Fryslân,GG7206,7206,161459004.697609,79666.863320919,1588550400000,15,4,1,32046,46.8,12.5,3.1,290
Uden,GM0856,856,Noord-Brabant,PV30,30,Brabant-Noord,VR21,21,GGD Hart voor Brabant,GG5406,5406,67527200.588829,41779.1224818227,1588550400000,252,116,62,42122,598.3,275.4,147.2,291
Uitgeest,GM0450,450,Noord-Holland,PV27,27,Kennemerland,VR12,12,GGD Kennemerland,GG3109,3109,22292840.1370277,23970.3902745759,1588550400000,22,5,1,13649,161.2,36.6,7.3,292
Uithoorn,GM0451,451,Noord-Holland,PV27,27,Amsterdam-Amstelland,VR13,13,GGD Amsterdam,GG3406,3406,19391904.0291672,23913.5532848268,1588550400000,46,16,2,29466,156.1,54.3,6.8,293
Urk,GM0184,184,Flevoland,PV24,24,Flevoland,VR25,25,GGD Flevoland,GG2209,2209,13465211.9430161,19263.9858786372,1588550400000,68,21,4,21033,323.3,99.8,19,294
Utrecht,GM0344,344,Utrecht,PV26,26,Utrecht,VR09,9,GGD regio Utrecht,GG2514,2514,99221364.9746513,58974.4980510777,1588550400000,846,240,85,357694,236.5,67.1,23.8,295
Utrechtse Heuvelrug,GM1581,1581,Utrecht,PV26,26,Utrecht,VR09,9,GGD regio Utrecht,GG2514,2514,133938101.839146,70636.5256006374,1588550400000,91,29,14,49601,183.5,58.5,28.2,296
Vaals,GM0981,981,Limburg,PV31,31,Zuid-Limburg,VR24,24,GGD Zuid-Limburg,GG6106,6106,23896755.6714172,25833.0481104048,1588550400000,29,10,1,10099,287.2,99,9.9,297
Valkenburg aan de Geul,GM0994,994,Limburg,PV31,31,Zuid-Limburg,VR24,24,GGD Zuid-Limburg,GG6106,6106,36921816.1742706,33965.9583019762,1588550400000,76,17,7,16360,464.5,103.9,42.8,298
Valkenswaard,GM0858,858,Noord-Brabant,PV30,30,Brabant-Zuidoost,VR22,22,GGD Brabant-Zuidoost,GG5608,5608,56483786.3020592,44617.0597967934,1588550400000,168,17,34,31200,538.5,54.5,109,299
Veendam,GM0047,47,Groningen,PV20,20,Groningen,VR01,1,GGD Groningen,GG0111,111,78708958.7024841,39400.0806517878,1588550400000,8,2,0,27387,29.2,7.3,0,300
Veenendaal,GM0345,345,Utrecht,PV26,26,Utrecht,VR09,9,GGD regio Utrecht,GG2514,2514,19690651.6470718,19890.8757048337,1588550400000,152,47,10,66491,228.6,70.7,15,301
Veere,GM0717,717,Zeeland,PV29,29,Zeeland,VR19,19,GGD Zeeland,GG5006,5006,142444160.024337,89428.5538098024,1588550400000,26,6,2,21885,118.8,27.4,9.1,302
Veldhoven,GM0861,861,Noord-Brabant,PV30,30,Brabant-Zuidoost,VR22,22,GGD Brabant-Zuidoost,GG5608,5608,31892677.9515877,28982.8220332471,1588550400000,120,29,16,45458,264,63.8,35.2,303
Velsen,GM0453,453,Noord-Holland,PV27,27,Kennemerland,VR12,12,GGD Kennemerland,GG3109,3109,49966034.7791138,59568.0867610975,1588550400000,253,30,36,68660,368.5,43.7,52.4,304
Venlo,GM0983,983,Limburg,PV31,31,Limburg-Noord,VR23,23,GGD Limburg-Noord,GG6011,6011,128976983.213135,79215.9351229268,1588550400000,290,125,58,101797,284.9,122.8,57,305
Venray,GM0984,984,Limburg,PV31,31,Limburg-Noord,VR23,23,GGD Limburg-Noord,GG6011,6011,164996439.950768,65819.5502246735,1588550400000,99,37,17,43604,227,84.9,39,306
Vijfheerenlanden,GM1961,1961,Utrecht,PV26,26,Utrecht,VR09,9,GGD regio Utrecht,GG2514,2514,153354219.438896,62491.4219545724,1588550400000,215,31,36,56816,378.4,54.6,63.4,307
Vlaardingen,GM0622,622,Zuid-Holland,PV28,28,Rotterdam-Rijnmond,VR17,17,GGD Rotterdam-Rijnmond,GG4607,4607,26656698.7500591,21668.3964120139,1588550400000,229,36,23,73445,311.8,49,31.3,308
Vlieland,GM0096,96,Friesland,PV21,21,Fryslân,VR02,2,GGD Fryslân,GG7206,7206,43494046.7125549,54417.3146069891,1588550400000,0,0,0,1152,0,0,0,309
Vlissingen,GM0718,718,Zeeland,PV29,29,Zeeland,VR19,19,GGD Zeeland,GG5006,5006,35223496.1575565,62781.5331877128,1588550400000,49,9,5,44365,110.4,20.3,11.3,310
Voerendaal,GM0986,986,Limburg,PV31,31,Zuid-Limburg,VR24,24,GGD Zuid-Limburg,GG6106,6106,31529596.0058556,26782.2108259236,1588550400000,43,17,7,12471,344.8,136.3,56.1,311
Voorschoten,GM0626,626,Zuid-Holland,PV28,28,Hollands Midden,VR16,16,GGD Hollands-Midden,GG4506,4506,11535084.2522659,16204.0044034435,1588550400000,43,9,5,25603,167.9,35.2,19.5,312
Voorst,GM0285,285,Gelderland,PV25,25,Noord- en Oost-Gelderland,VR06,6,GGD Noord- en Oost-Gelderland,GG1413,1413,126482659.224503,68359.5415972939,1588550400000,47,13,11,24546,191.5,53,44.8,313
Vught,GM0865,865,Noord-Brabant,PV30,30,Brabant-Noord,VR21,21,GGD Hart voor Brabant,GG5406,5406,34679988.542057,30762.1034648323,1588550400000,99,41,17,26554,372.8,154.4,64,314
Waadhoeke,GM1949,1949,Friesland,PV21,21,Fryslân,VR02,2,GGD Fryslân,GG7206,7206,290158764.96096,100138.783040498,1588550400000,88,11,10,46079,191,23.9,21.7,315
Waalre,GM0866,866,Noord-Brabant,PV30,30,Brabant-Zuidoost,VR22,22,GGD Brabant-Zuidoost,GG5608,5608,22666997.9735603,20585.9437866673,1588550400000,29,7,4,17454,166.2,40.1,22.9,316
Waalwijk,GM0867,867,Noord-Brabant,PV30,30,Midden- en West-Brabant,VR20,20,GGD Hart voor Brabant,GG5406,5406,67713766.2454033,41813.4955623896,1588550400000,140,27,30,48620,287.9,55.5,61.7,317
Waddinxveen,GM0627,627,Zuid-Holland,PV28,28,Hollands Midden,VR16,16,GGD Hollands-Midden,GG4506,4506,29401789.8420753,29859.8713212965,1588550400000,51,16,6,29293,174.1,54.6,20.5,318
Wageningen,GM0289,289,Gelderland,PV25,25,Gelderland-Midden,VR07,7,Veiligheids- en Gezondheidsregio Gelderland-Midden,GG1911,1911,32404972.5918503,33760.8359858912,1588550400000,45,20,9,39673,113.4,50.4,22.7,319
Wassenaar,GM0629,629,Zuid-Holland,PV28,28,Haaglanden,VR15,15,GGD Haaglanden,GG7014,7014,52915790.2978096,32602.3340315386,1588550400000,45,8,10,26214,171.7,30.5,38.1,320
Waterland,GM0852,852,Noord-Holland,PV27,27,Zaanstreek-Waterland,VR11,11,GGD Zaanstreek/Waterland,GG7306,7306,56439713.8831367,63034.433466775,1588550400000,30,15,3,17422,172.2,86.1,17.2,321
Weert,GM0988,988,Limburg,PV31,31,Limburg-Noord,VR23,23,GGD Limburg-Noord,GG6011,6011,105520846.145218,49762.4239874371,1588550400000,125,65,11,50107,249.5,129.7,22,322
Weesp,GM0457,457,Noord-Holland,PV27,27,Gooi en Vechtstreek,VR14,14,GGD Gooi en Vechtstreek,GG3606,3606,24152546.094738,26579.5430955121,1588550400000,70,9,5,19729,354.8,45.6,25.3,323
West Betuwe,GM1960,1960,Gelderland,PV25,25,Gelderland-Zuid,VR08,8,GGD Gelderland-Zuid,GG2014,2014,229041811.502151,88372.8701649191,1588550400000,164,42,24,51198,320.3,82,46.9,324
West Maas en Waal,GM0668,668,Gelderland,PV25,25,Gelderland-Zuid,VR08,8,GGD Gelderland-Zuid,GG2014,2014,85154171.8255119,47557.9128941368,1588550400000,76,17,8,19320,393.4,88,41.4,325
Westerkwartier,GM1969,1969,Groningen,PV20,20,Groningen,VR01,1,GGD Groningen,GG0111,111,368758718.670921,97459.3316891016,1588550400000,57,14,4,63375,89.9,22.1,6.3,326
Westerveld,GM1701,1701,Drenthe,PV22,22,Drenthe,VR03,3,GGD Drente,GG0706,706,282761512.169823,97429.1169067391,1588550400000,32,9,3,19460,164.4,46.2,15.4,327
Westervoort,GM0293,293,Gelderland,PV25,25,Gelderland-Midden,VR07,7,Veiligheids- en Gezondheidsregio Gelderland-Midden,GG1911,1911,7831564.76445007,14462.7331064972,1588550400000,33,12,5,14973,220.4,80.1,33.4,328
Westerwolde,GM1950,1950,Groningen,PV20,20,Groningen,VR01,1,GGD Groningen,GG0111,111,280618077.352539,102268.057028413,1588550400000,6,5,0,25796,23.3,19.4,0,329
Westland,GM1783,1783,Zuid-Holland,PV28,28,Haaglanden,VR15,15,GGD Haaglanden,GG7014,7014,83205347.9197826,54249.414693119,1588550400000,242,56,26,110357,219.3,50.7,23.6,330
Weststellingwerf,GM0098,98,Friesland,PV21,21,Fryslân,VR02,2,GGD Fryslân,GG7206,7206,228373253.201599,84585.3929436924,1588550400000,27,3,4,25916,104.2,11.6,15.4,331
Westvoorne,GM0614,614,Zuid-Holland,PV28,28,Rotterdam-Rijnmond,VR17,17,GGD Rotterdam-Rijnmond,GG4607,4607,58929659.6393108,42760.6904383256,1588550400000,25,7,0,14728,169.7,47.5,0,332
Wierden,GM0189,189,Overijssel,PV23,23,Twente,VR05,5,GGD Twente,GG1106,1106,95386986.1706924,54076.6289688284,1588550400000,45,4,5,24440,184.1,16.4,20.5,333
Wijchen,GM0296,296,Gelderland,PV25,25,Gelderland-Zuid,VR08,8,GGD Gelderland-Zuid,GG2014,2014,69683728.060318,44267.5668113041,1588550400000,130,40,11,41124,316.1,97.3,26.7,334
Wijdemeren,GM1696,1696,Noord-Holland,PV27,27,Gooi en Vechtstreek,VR14,14,GGD Gooi en Vechtstreek,GG3606,3606,76339289.3928337,48905.8474414148,1588550400000,25,8,0,24360,102.6,32.8,0,335
Wijk bij Duurstede,GM0352,352,Utrecht,PV26,26,Utrecht,VR09,9,GGD regio Utrecht,GG2514,2514,50435536.4325714,36892.8926968642,1588550400000,28,9,1,23910,117.1,37.6,4.2,336
Winterswijk,GM0294,294,Gelderland,PV25,25,Noord- en Oost-Gelderland,VR06,6,GGD Noord- en Oost-Gelderland,GG1413,1413,138854751.787727,52564.0051870518,1588550400000,39,5,3,28865,135.1,17.3,10.4,337
Woensdrecht,GM0873,873,Noord-Brabant,PV30,30,Midden- en West-Brabant,VR20,20,GGD West-Brabant,GG5206,5206,91979634.8992958,48253.0513022956,1588550400000,60,5,6,21883,274.2,22.8,27.4,338
Woerden,GM0632,632,Utrecht,PV26,26,Utrecht,VR09,9,GGD regio Utrecht,GG2514,2514,92952335.9593582,50942.1880871584,1588550400000,143,47,16,52294,273.5,89.9,30.6,339
Wormerland,GM0880,880,Noord-Holland,PV27,27,Zaanstreek-Waterland,VR11,11,GGD Zaanstreek/Waterland,GG7306,7306,45160090.4848862,30557.8764136949,1588550400000,42,20,6,16299,257.7,122.7,36.8,340
Woudenberg,GM0351,351,Utrecht,PV26,26,Utrecht,VR09,9,GGD regio Utrecht,GG2514,2514,36808815.2483406,49542.1121580707,1588550400000,28,9,2,13362,209.5,67.4,15,341
Zaanstad,GM0479,479,Noord-Holland,PV27,27,Zaanstreek-Waterland,VR11,11,GGD Zaanstreek/Waterland,GG7306,7306,83238027.7155533,41760.1427661246,1588550400000,339,107,40,156711,216.3,68.3,25.5,342
Zaltbommel,GM0297,297,Gelderland,PV25,25,Gelderland-Zuid,VR08,8,GGD Gelderland-Zuid,GG2014,2014,89042961.6132469,58765.968690043,1588550400000,82,19,9,28901,283.7,65.7,31.1,343
Zandvoort,GM0473,473,Noord-Holland,PV27,27,Kennemerland,VR12,12,GGD Kennemerland,GG3109,3109,33874931.0541878,25501.3104279299,1588550400000,32,10,8,17116,187,58.4,46.7,344
Zeewolde,GM0050,50,Flevoland,PV24,24,Flevoland,VR25,25,GGD Flevoland,GG2209,2209,253309962.43119,85978.8271484511,1588550400000,37,11,4,22656,163.3,48.6,17.7,345
Zeist,GM0355,355,Utrecht,PV26,26,Utrecht,VR09,9,GGD regio Utrecht,GG2514,2514,48655464.9905739,44383.7077583573,1588550400000,140,34,16,64932,215.6,52.4,24.6,346
Zevenaar,GM0299,299,Gelderland,PV25,25,Gelderland-Midden,VR07,7,Veiligheids- en Gezondheidsregio Gelderland-Midden,GG1911,1911,106110892.403893,85485.3869346149,1588550400000,85,43,14,43740,194.3,98.3,32,347
Zoetermeer,GM0637,637,Zuid-Holland,PV28,28,Haaglanden,VR15,15,GGD Haaglanden,GG7014,7014,37028371.237442,27826.0807663493,1588550400000,170,47,10,125283,135.7,37.5,8,348
Zoeterwoude,GM0638,638,Zuid-Holland,PV28,28,Hollands Midden,VR16,16,GGD Hollands-Midden,GG4506,4506,21902541.8466263,22423.9056347449,1588550400000,9,3,0,8611,104.5,34.8,0,349
Zuidplas,GM1892,1892,Zuid-Holland,PV28,28,Hollands Midden,VR16,16,GGD Hollands-Midden,GG4506,4506,64037198.3779984,56208.7770952728,1588550400000,121,23,19,43894,275.7,52.4,43.3,350
Zundert,GM0879,879,Noord-Brabant,PV30,30,Midden- en West-Brabant,VR20,20,GGD West-Brabant,GG5206,5206,121149208.465237,56115.356626852,1588550400000,67,20,9,21821,307,91.7,41.2,351
Zutphen,GM0301,301,Gelderland,PV25,25,Noord- en Oost-Gelderland,VR06,6,GGD Noord- en Oost-Gelderland,GG1413,1413,42954165.9950638,43353.3438517759,1588550400000,84,24,12,47942,175.2,50.1,25,352
Zwartewaterland,GM1896,1896,Overijssel,PV23,23,IJsselland,VR04,4,GGD Ijsselland,GG1009,1009,86815206.8590546,54771.2394742688,1588550400000,139,35,17,22690,612.6,154.3,74.9,353
Zwijndrecht,GM0642,642,Zuid-Holland,PV28,28,Zuid-Holland-Zuid,VR18,18,Dienst Gezondheid & Jeugd Zuid-Holland Zuid,GG4816,4816,22790082.7486687,21253.8914667476,1588550400000,122,20,13,44741,272.7,44.7,29.1,354
Zwolle,GM0193,193,Overijssel,PV23,23,IJsselland,VR04,4,GGD Ijsselland,GG1009,1009,119361519.188675,64050.9691792548,1588550400000,344,53,45,128831,267,41.1,34.9,355
